,pc1,target,phase_label
0,-49.3040237855849,276.482,1
1,-7.732864994393326,281.399,1
2,9.382713329943293,279.768,1
3,-19.30905678029054,279.225,1
4,-14.117572891387228,279.704,1
5,-1.0170949397387268,279.096,1
6,21.223744633711753,281.242,1
7,-33.27242423947614,275.969,1
8,32.75686041014158,283.18,1
9,27.915639472591227,280.449,1
10,-0.4396261726696665,279.45,1
11,16.590917165314888,279.988,1
12,1.914637059309559,281.246,1
13,32.73460009777012,281.185,1
14,-17.632883255559193,280.022,1
15,3.523646986109748,280.527,1
16,-3.0083668161592723,280.383,1
17,23.335759214696118,279.101,1
18,-9.48011878091909,280.219,1
19,-14.065297065813706,280.069,1
0,6.4252934731151505,278.43,2
1,4.988152200302294,280.548,2
2,-34.565053131720084,281.542,2
3,34.846059724761275,280.043,2
4,-9.087572577025503,281.547,2
5,-14.575550508441442,280.287,2
6,44.40387963151122,277.399,2
7,32.48736606754321,280.361,2
8,11.92438242974797,281.026,2
9,7.637145648455553,281.038,2
10,28.487567350057553,280.714,2
11,-42.07679469917028,282.748,2
12,-28.454001967278252,282.63,2
13,33.27536815435975,280.865,2
14,-3.0283792988675526,280.357,2
15,-28.867216736784727,281.428,2
16,-70.13617030066128,283.104,2
17,30.78878481117719,279.21,2
18,7.62519153193727,280.834,2
19,-12.09742687004281,279.808,2
