,pc1,target,phase_label
0,16.68924043614212,282.943,1
1,7.689229860889457,282.369,1
2,-19.592557949776154,284.946,1
3,-4.902454371819884,283.884,1
4,8.688102300176979,284.738,1
5,6.631995209702252,284.108,1
6,-18.949987976029245,285.643,1
7,-9.149165527575803,285.161,1
8,10.958601469106082,283.647,1
9,23.84928348403606,282.413,1
10,22.42538773758792,282.913,1
11,-20.001345096172265,286.166,1
12,-6.695731669400242,284.354,1
13,27.54813558171072,283.261,1
14,-7.7749133647701125,284.65,1
15,12.75125106196516,283.045,1
16,5.678943235631027,284.575,1
17,-20.10458647174784,283.55,1
18,-13.627947426538897,283.493,1
19,-22.11108506510511,285.349,1
0,14.463729299240708,284.418,2
1,2.688100561826273,284.197,2
2,-3.243852008642271,284.252,2
3,28.56705751660774,281.561,2
4,-6.6708149282963545,283.242,2
5,-12.531503361874307,284.089,2
6,-10.863266344537555,287.358,2
7,15.899834455237356,281.324,2
8,-4.8104181673949,286.611,2
9,-18.813628951463198,286.908,2
10,10.212178735380933,284.115,2
11,-14.108234967276278,284.007,2
12,-5.0700853707554,284.836,2
13,0.2374182543542914,283.751,2
14,-14.856224904929938,286.638,2
15,2.5808485612614973,283.443,2
16,7.009213066502835,283.35,2
17,-0.7075462860596754,286.493,2
18,6.749506355520753,285.394,2
19,3.2675944000795325,284.784,2
