,pc1,target,phase_label
0,27.82201167762981,277.407,1
1,49.66271842628469,273.282,1
2,16.634685691373694,277.486,1
3,-7.088991929758651,278.899,1
4,-12.755859119657181,277.722,1
5,8.781482242305692,280.158,1
6,8.30884558752885,278.142,1
7,-10.44415046315963,277.581,1
8,-78.90692639699486,278.56,1
9,56.96152637408299,272.852,1
10,-1.3185085545945523,278.276,1
11,26.226836518458853,276.811,1
12,22.61607896169768,277.184,1
13,-9.358482241966424,277.678,1
14,20.995152837364095,277.337,1
15,1.7750310641844447,276.001,1
16,-35.20126913084236,279.548,1
17,-14.978836093098945,279.211,1
18,-20.844207613396364,278.446,1
19,-48.886997254650346,279.253,1
0,26.749478333926284,277.148,2
1,-14.215789441358812,277.972,2
2,56.454336514134646,278.654,2
3,0.05734901492971822,277.49,2
4,8.679916447551875,277.129,2
5,41.670681136156496,279.092,2
6,-29.952384311907526,274.079,2
7,-24.39925874289361,278.332,2
8,12.027632480804625,277.971,2
9,-29.98915031406205,278.433,2
10,-39.942817653862384,276.113,2
11,26.664281344868556,277.709,2
12,23.39896612956101,280.048,2
13,-20.86560943285291,275.915,2
14,-77.71763292821998,272.735,2
15,-16.158479148203945,278.178,2
16,-12.805151944499015,278.368,2
17,47.67766308104038,282.582,2
18,-6.3248203800049865,278.222,2
19,28.99056320166814,279.479,2
