,pc1,target,phase_label
0,-12.426991169041045,285.696,1
1,8.94901906327092,285.12,1
2,-31.691810646299647,285.307,1
3,-2.605572156770723,286.423,1
4,4.989779426015616,286.425,1
5,49.00993063769402,282.564,1
6,19.021005867026883,285.355,1
7,19.2073391714386,285.102,1
8,-24.025880408617006,286.464,1
9,0.6694372502490045,286.26,1
10,-22.35939792878303,286.611,1
11,12.35932177921648,286.399,1
12,-20.200237198753513,286.328,1
13,64.23159212132283,283.077,1
14,-12.694872706597822,286.411,1
15,-36.101643727972316,286.392,1
16,-3.261002902570651,283.857,1
17,-4.476776863081541,286.005,1
18,12.034468352626273,284.79,1
19,-20.62801220532614,287.239,1
0,62.45907986666946,284.489,2
1,-3.697867746866467,283.518,2
2,74.45821019724724,282.873,2
3,-12.774758849250277,285.412,2
4,39.24330513050062,282.721,2
5,-42.580032614659736,286.484,2
6,-27.343929281181296,287.684,2
7,-8.101185892174957,286.531,2
8,-17.3139548978314,284.956,2
9,50.62368353841994,283.04,2
10,-70.77436291804905,286.977,2
11,-47.53230461353226,286.875,2
12,-3.132819854291533,285.916,2
13,25.198647652919597,285.875,2
14,-4.2732029520646755,284.782,2
15,21.212344549560054,284.998,2
16,1.1754797268813357,287.857,2
17,-10.792316818024467,286.869,2
18,-42.89937048711455,288.522,2
19,16.845912187462293,284.365,2
