,pc1,target,phase_label
0,8.41499982878632,277.407,1
1,23.0912032074026,273.282,1
2,12.523502722156353,277.486,1
3,-31.141057328088266,277.972,1
4,-4.169370301498833,278.899,1
5,-1.6633833758676078,280.158,1
6,30.03177881240716,277.581,1
7,18.12740386408281,272.852,1
8,17.510871309900132,274.079,1
9,-12.777738446824571,278.332,1
10,-22.211846031074163,277.971,1
11,-10.847878373551103,278.433,1
12,1.9162375764649553,276.113,1
13,-21.66903807744073,277.678,1
14,6.932987895932831,276.001,1
15,19.31923026102259,275.915,1
16,58.97177054604252,272.735,1
17,-5.515676205348941,278.178,1
18,-10.435261197192677,278.446,1
19,-76.40735742427434,279.479,1
0,-52.97848939079454,277.148,2
1,-33.986677444056475,278.654,2
2,-43.75667793919503,277.722,2
3,38.993394484115726,278.142,2
4,-77.58932545377337,277.49,2
5,-43.67492593845527,277.129,2
6,7.931096161000032,278.56,2
7,94.52174008461414,279.092,2
8,-5.689820778865569,278.276,2
9,-87.07082327921765,276.811,2
10,91.04546602380357,277.709,2
11,-34.51551761523109,277.184,2
12,83.0306130689538,280.048,2
13,-75.86355065290665,277.337,2
14,28.13307006154589,279.548,2
15,61.16747540242148,279.211,2
16,-62.90313404739175,278.368,2
17,72.04715676670135,282.582,2
18,82.29228560583292,278.222,2
19,-41.135002768192166,279.253,2
